,,,,North America,,,,,,,,,,,,,,Europe-Africa,,,,,,,,,,,,,,Asia-Pacifc,,,,,,,,,,,,,,Latin America,,,,,,,,,,,,,,
,,,,A,B,C,D,E,F,G,H,I,J,K,L,AVG,,A,B,C,D,E,F,G,H,I,J,K,L,AVG,,A,B,C,D,E,F,G,H,I,J,K,L,AVG,,A,B,C,D,E,F,G,H,I,J,K,L,AVG

Year 10

,Internet--------,Price,,75,75,75,75,75,75,75,75,75,,,,75,,75,75,75,75,75,75,75,75,75,,,,75,,75,75,75,75,75,75,75,75,75,,,,75,,75,75,75,75,75,75,75,75,75,,,,75,
,,S/Q,,5,5,5,5,5,5,5,5,5,,,,5,,5,5,5,5,5,5,5,5,5,,,,5,,5,5,5,5,5,5,5,5,5,,,,5,,5,5,5,5,5,5,5,5,5,,,,5,
,,Models,,180,180,180,180,180,180,180,180,180,,,,180,,180,180,180,180,180,180,180,180,180,,,,180,,180,180,180,180,180,180,180,180,180,,,,180,,180,180,180,180,180,180,180,180,180,,,,180,
,,Shipping,,0,0,0,0,0,0,0,0,0,,,,0,,0,0,0,0,0,0,0,0,0,,,,0,,0,0,0,0,0,0,0,0,0,,,,0,,0,0,0,0,0,0,0,0,0,,,,0,
,,Advertising,,7000,7000,7000,7000,7000,7000,7000,7000,7000,,,,7000,,7000,7000,7000,7000,7000,7000,7000,7000,7000,,,,7000,,3500,3500,3500,3500,3500,3500,3500,3500,3500,,,,3500,,3500,3500,3500,3500,3500,3500,3500,3500,3500,,,,3500,
,,Appeal,,0,0,0,0,0,0,0,0,0,,,,0,,0,0,0,0,0,0,0,0,0,,,,0,,0,0,0,0,0,0,0,0,0,,,,0,,0,0,0,0,0,0,0,0,0,,,,0,
,,Orders,,68,68,68,68,68,68,68,68,68,,,,68,,68,68,68,68,68,68,68,68,68,,,,68,,45,45,45,45,45,45,45,45,45,,,,45,,45,45,45,45,45,45,45,45,45,,,,45,
,,Pairs Sold,,68,68,68,68,68,68,68,68,68,,,,68,,68,68,68,68,68,68,68,68,68,,,,68,,45,45,45,45,45,45,45,45,45,,,,45,,45,45,45,45,45,45,45,45,45,,,,45,
,,% Share,,0.1111,0.1111,0.1111,0.1111,0.1111,0.1111,0.1111,0.1111,0.1111,,,,0.1111,,0.1111,0.1111,0.1111,0.1111,0.1111,0.1111,0.1111,0.1111,0.1111,,,,0.1111,,0.1111,0.1111,0.1111,0.1111,0.1111,0.1111,0.1111,0.1111,0.1111,,,,0.1111,,0.1111,0.1111,0.1111,0.1111,0.1111,0.1111,0.1111,0.1111,0.1111,,,,0.1111,


,Wholesale--------,Price,,48,48,48,48,48,48,48,48,48,,,,48,,48,48,48,48,48,48,48,48,48,,,,48,,41,41,41,41,41,41,41,41,41,,,,41,,42,42,42,42,42,42,42,42,42,,,,42,
,,S/Q,,5,5,5,5,5,5,5,5,5,,,,5,,5,5,5,5,5,5,5,5,5,,,,5,,5,5,5,5,5,5,5,5,5,,,,5,,5,5,5,5,5,5,5,5,5,,,,5,
,,Models,,200,200,200,200,200,200,200,200,200,,,,200,,200,200,200,200,200,200,200,200,200,,,,200,,200,200,200,200,200,200,200,200,200,,,,200,,200,200,200,200,200,200,200,200,200,,,,200,
,,Advertising,,7000,7000,7000,7000,7000,7000,7000,7000,7000,,,,7000,,7000,7000,7000,7000,7000,7000,7000,7000,7000,,,,7000,,3500,3500,3500,3500,3500,3500,3500,3500,3500,,,,3500,,3500,3500,3500,3500,3500,3500,3500,3500,3500,,,,3500,
,,Rebates,,3,3,3,3,3,3,3,3,3,,,,3,,3,3,3,3,3,3,3,3,3,,,,3,,2,2,2,2,2,2,2,2,2,,,,2,,2,2,2,2,2,2,2,2,2,,,,2,
,,Retailers,,3000,3000,3000,3000,3000,3000,3000,3000,3000,,,,3000,,3000,3000,3000,3000,3000,3000,3000,3000,3000,,,,3000,,1500,1500,1500,1500,1500,1500,1500,1500,1500,,,,1500,,1500,1500,1500,1500,1500,1500,1500,1500,1500,,,,1500,
,,Support,,400,400,400,400,400,400,400,400,400,,,,400,,400,400,400,400,400,400,400,400,400,,,,400,,400,400,400,400,400,400,400,400,400,,,,400,,400,400,400,400,400,400,400,400,400,,,,400,
,,Delivery,,3,3,3,3,3,3,3,3,3,,,,3,,3,3,3,3,3,3,3,3,3,,,,3,,3,3,3,3,3,3,3,3,3,,,,3,,3,3,3,3,3,3,3,3,3,,,,3,
,,Appeal,,0,0,0,0,0,0,0,0,0,,,,0,,0,0,0,0,0,0,0,0,0,,,,0,,0,0,0,0,0,0,0,0,0,,,,0,,0,0,0,0,0,0,0,0,0,,,,0,
,,Demand,,1282,1282,1282,1282,1282,1282,1282,1282,1282,,,,1282,,1282,1282,1282,1282,1282,1282,1282,1282,1282,,,,1282,,855,855,855,855,855,855,855,855,855,,,,855,,855,855,855,855,855,855,855,855,855,,,,855,
,,Gn(StkOut),,0,0,0,0,0,0,0,0,0,,,,0,,0,0,0,0,0,0,0,0,0,,,,0,,0,0,0,0,0,0,0,0,0,,,,0,,0,0,0,0,0,0,0,0,0,,,,0,
,,Pairs Sold,,1282,1282,1282,1282,1282,1282,1282,1282,1282,,,,1282,,1282,1282,1282,1282,1282,1282,1282,1282,1282,,,,1282,,855,855,855,855,855,855,855,855,855,,,,855,,855,855,855,855,855,855,855,855,855,,,,855,
,,% Share,,0.1111,0.1111,0.1111,0.1111,0.1111,0.1111,0.1111,0.1111,0.1111,,,,0.1111,,0.1111,0.1111,0.1111,0.1111,0.1111,0.1111,0.1111,0.1111,0.1111,,,,0.1111,,0.1111,0.1111,0.1111,0.1111,0.1111,0.1111,0.1111,0.1111,0.1111,,,,0.1111,,0.1111,0.1111,0.1111,0.1111,0.1111,0.1111,0.1111,0.1111,0.1111,,,,0.1111,


,P-Label--------,Price,,35,35,35,35,35,35,35,35,35,,,,1665,,35,35,35,35,35,35,35,35,35,,,,35,,35,35,35,35,35,35,35,35,35,,,,35,,35,35,35,35,35,35,35,35,35,,,,35,
,,S/Q,,4,4,4,4,4,4,4,4,4,,,,1665,,4,4,4,4,4,4,4,4,4,,,,4,,4,4,4,4,4,4,4,4,4,,,,4,,4,4,4,4,4,4,4,4,4,,,,4,
,,Offered,,185,185,185,185,185,185,185,185,185,,,,1665,,185,185,185,185,185,185,185,185,185,,,,185,,185,185,185,185,185,185,185,185,185,,,,185,,185,185,185,185,185,185,185,185,185,,,,185,
,,Sold,,185,185,185,185,185,185,185,185,185,,,,185,,185,185,185,185,185,185,185,185,185,,,,185,,185,185,185,185,185,185,185,185,185,,,,185,,185,185,185,185,185,185,185,185,185,,,,185,
,,% Share,,0.1111,0.1111,0.1111,0.1111,0.1111,0.1111,0.1111,0.1111,0.1111,,,,0.1111,,0.1111,0.1111,0.1111,0.1111,0.1111,0.1111,0.1111,0.1111,0.1111,,,,0.1111,,0.1111,0.1111,0.1111,0.1111,0.1111,0.1111,0.1111,0.1111,0.1111,,,,0.1111,,0.1111,0.1111,0.1111,0.1111,0.1111,0.1111,0.1111,0.1111,0.1111,,,,0.1111,




Year 11

,Internet--------,Price,,75,67.5,72,75,63,75,70,65,66,,,,69.83,,75,67.5,72,75,63,75,70,65,66,,,,69.83,,75,67.5,72,75,63,75,70,65,66,,,,69.83,,75,67.5,72,75,63,75,70,65,66,,,,69.83,
,,S/Q,,5,6,4,5,7,6,5,6,6,,,,5.6,,5,6,4,4,7,6,5,6,6,,,,5.4,,5,6,4,4,7,6,5,6,6,,,,5.4,,5,6,4,4,7,6,5,6,6,,,,5.4,
,,Models,,50,200,200,151,180,180,180,200,200,,,,171,,50,200,200,151,180,180,180,200,200,,,,171,,50,200,200,151,180,180,180,200,200,,,,171,,50,200,200,151,180,180,180,200,200,,,,171,
,,Shipping,,0,0,0,0,0,0,1,0,0,,,,0.1,,0,0,0,0,0,0,1,0,0,,,,0.1,,0,0,0,0,0,0,1,0,0,,,,0.1,,0,0,0,0,0,0,1,0,0,,,,0.1,
,,Advertising,,7000,10000,6000,8000,7000,8000,8000,7500,10000,,,,7944,,7000,9000,3000,7000,7000,8000,7100,7500,10000,,,,7289,,3500,4500,4000,4000,3500,4000,3600,4000,4000,,,,3900,,3500,8000,4000,3500,3500,4000,3600,4000,4000,,,,4233,
,,Appeal,,0,0,0,0,0,0,0,0,0,,,,0,,0,0,0,0,0,0,0,0,0,,,,0,,0,0,0,0,0,0,0,0,0,,,,0,,0,0,0,0,0,0,0,0,0,,,,0,
,,Orders,,36,111,63,52,121,64,93,111,123,,,,86,,40,108,56,46,127,66,90,115,125,,,,86,,28,71,52,34,89,45,64,82,77,,,,60,,26,85,51,30,85,44,63,81,76,,,,60,
,,Pairs Sold,,36,111,63,52,121,64,93,111,123,,,,86,,40,108,56,46,127,66,90,115,125,,,,86,,28,71,52,34,89,45,64,82,77,,,,60,,26,85,51,30,85,44,63,81,76,,,,60,
,,% Share,,0.0465,0.1434,0.0814,0.0672,0.1563,0.0827,0.1202,0.1434,0.1589,,,,0.1111,,0.0517,0.1397,0.0724,0.0595,0.1643,0.0854,0.1164,0.1488,0.1617,,,,0.1111,,0.0517,0.131,0.0959,0.0627,0.1642,0.083,0.1181,0.1513,0.1421,,,,0.1111,,0.0481,0.1571,0.0943,0.0555,0.1571,0.0813,0.1165,0.1497,0.1405,,,,0.1111,


,Wholesale--------,Price,,48,48,50,47,53,55,48,51.99,51,,,,50.22,,48,48,47,47,53,55,48,51.99,48,,,,49.55,,41,41,41,40,47.41,48,41,45.99,41,,,,42.93,,42,42,46,41,48.49,49,42,46.99,42,,,,44.39,
,,S/Q,,5,6,4,5,7,6,5,6,6,,,,5.6,,5,6,4,4,7,6,5,6,6,,,,5.4,,5,6,4,4,7,6,5,6,6,,,,5.4,,5,6,4,4,7,6,5,6,6,,,,5.4,
,,Models,,200,200,249,151,200,249,200,200,200,,,,205,,200,200,249,200,200,249,200,200,200,,,,211,,200,200,249,200,200,249,200,200,200,,,,211,,200,200,249,184,200,249,200,200,200,,,,209,
,,Advertising,,7000,10000,6000,8000,7000,8000,8000,7500,10000,,,,7944,,7000,9000,3000,7000,7000,8000,7100,7500,10000,,,,7289,,3500,4500,4000,4000,3500,4000,3600,4000,4000,,,,3900,,3500,8000,4000,3500,3500,4000,3600,4000,4000,,,,4233,
,,Rebates,,3,3,3,4,3,3,3,3,4,,,,3.22,,3,3,3,3,3,3,3,3,4,,,,3.11,,2,2,2,3,2,2,2,2,2,,,,2.11,,2,2,2,2,2,2,2,2,2,,,,2,
,,Retailers,,3000,3000,3000,3000,3000,3000,3000,3000,3000,,,,3000,,3000,3000,3000,3000,3000,3000,3000,3000,3000,,,,3000,,1500,1500,1500,1500,1500,1500,1500,1500,1500,,,,1500,,1500,1500,1500,1500,1500,1500,1500,1500,1500,,,,1500,
,,Support,,400,400,400,400,400,500,400,400,450,,,,417,,400,400,400,400,400,500,400,400,450,,,,417,,400,400,400,400,400,500,400,400,400,,,,411,,400,400,400,400,400,500,400,400,400,,,,411,
,,Delivery,,3,3,3,2,3,2,2,3,3,,,,2.7,,3,3,3,3,3,2,2,3,3,,,,2.8,,3,3,3,3,3,3,3,3,3,,,,3,,3,3,3,3,3,3,3,3,3,,,,3,
,,Appeal,,0,0,0,0,0,0,0,0,0,,,,0,,0,0,0,0,0,0,0,0,0,,,,0,,0,0,0,0,0,0,0,0,0,,,,0,,0,0,0,0,0,0,0,0,0,,,,0,
,,Demand,,1263,1610,1299,1391,1186,1290,1422,1191,1463,,,,1346,,1287,1548,1307,1279,1203,1293,1331,1208,1660,,,,1346,,891,1024,1054,969,807,881,909,829,1006,,,,930,,884,1236,923,836,788,906,925,847,1025,,,,930,
,,Gn(StkOut),,19,4,-68,-77,17,16,22,17,21,,,,-3,,1,1,1,1,1,1,1,1,-10,,,,0,,-173,44,-114,-88,21,61,62,22,60,,,,-12,,22,-37,-118,21,20,23,23,21,3,,,,-2,
,,Pairs Sold,,1282,1614,1231,1314,1203,1306,1444,1208,1484,,,,1343,,1288,1549,1308,1280,1204,1294,1332,1209,1650,,,,1346,,718,1068,940,881,828,942,971,851,1066,,,,918,,906,1199,805,857,808,929,948,868,1028,,,,928,
,,% Share,,0.1061,0.1335,0.1019,0.1087,0.0995,0.1081,0.1195,0.1,0.1228,,,,0.1111,,0.1063,0.1279,0.108,0.1057,0.0994,0.1068,0.11,0.0998,0.1362,,,,0.1111,,0.0869,0.1292,0.1137,0.1066,0.1002,0.114,0.1175,0.103,0.129,,,,0.1111,,0.1085,0.1436,0.0964,0.1027,0.0968,0.1113,0.1136,0.104,0.1231,,,,0.1111,


,P-Label--------,Price,,35,0,35,36,35,30,34,34.99,33.91,,,,1800,,35,0,35,36,35,0,34,34.99,0,,,,1800,,35,0,35,36,35,26,34,34.99,33.91,,,,1800,,35,0,35,36,35,0,0,0,0,,,,1800,
,,S/Q,,4,0,4,4,7,4,4,5,4,,,,2085,,4,0,4,4,7,0,4,5,0,,,,1329,,4,0,4,4,7,4,4,5,4,,,,2517,,4,0,4,4,7,0,0,0,0,,,,740,
,,Offered,,187,0,185,185,185,430,414,107,392,,,,1713,,188,0,185,185,186,0,400,185,0,,,,1329,,185,0,184,185,183,414,410,186,770,,,,1780,,185,0,185,185,185,0,0,0,0,,,,740,
,,Sold,,0,0,185,0,185,430,414,107,392,,,,45.22,,188,0,185,185,186,0,400,185,0,,,,44.55,,0,0,0,0,0,414,410,186,770,,,,37.93,,185,0,185,185,185,0,0,0,0,,,,39.39,
,,% Share,,0,0,0.108,0,0.108,0.251,0.242,0.062,0.229,,,,4,,0.141459744,0,0.139202408,0.139202408,0.139954853,0,0.300978179,0.139202408,0,,,,4,,0,0,0,0,0,0.23258427,0.230337079,0.104494382,0.43258427,,,,4,,0.25,0,0.25,0.25,0.25,0,0,0,0,,,,4,




Year 12

,Internet--------,Price,,75,70.5,70,75,61,68,69,69,64.21,,,,69.08,,75,70.5,70,75,61,68,69,69,64.21,,,,69.08,,75,70.5,70,75,61,68,69,69,64.21,,,,69.08,,75,70.5,70,75,61,68,69,69,64.21,,,,69.08,
,,S/Q,,5,6,4,5,8,7,5,5,7,,,,5.8,,5,6,4,5,7,7,5,5,7,,,,5.7,,5,6,4,5,7,7,5,5,7,,,,5.7,,5,6,4,5,7,7,5,5,7,,,,5.7,
,,Models,,52,200,200,150,200,200,180,62,200,,,,160,,52,200,200,150,200,200,180,62,200,,,,160,,52,200,200,150,200,200,180,62,200,,,,160,,52,200,200,150,200,200,180,62,200,,,,160,
,,Shipping,,1,0,0,0,0,0,1,0,0,,,,0.2,,1,0,0,0,0,0,1,0,0,,,,0.2,,1,0,0,0,0,0,1,0,0,,,,0.2,,1,0,0,0,0,0,1,0,0,,,,0.2,
,,Advertising,,10000,10000,4000,8000,10000,10000,8000,10000,13000,,,,9222,,10000,9000,3000,7000,10000,10000,7100,10000,12000,,,,8678,,6000,4500,4000,6000,5000,5500,3600,5000,4500,,,,4900,,5000,7000,4000,3500,5000,5500,3600,5000,6000,,,,4956,
,,Appeal,,0,0,0,85,0,0,0,170,0,,,,28,,0,0,0,45,0,0,0,170,0,,,,24,,0,0,0,35,0,0,0,135,0,,,,19,,0,0,0,40,0,0,0,130,0,,,,19,
,,Orders,,60,101,66,57,198,116,93,93,170,,,,106,,63,99,66,51,193,121,94,99,168,,,,106,,47,70,59,48,137,87,71,61,103,,,,76,,43,83,59,38,135,85,69,61,111,,,,76,
,,Pairs Sold,,60,101,66,57,198,116,93,93,170,,,,106,,63,99,66,51,193,121,94,99,168,,,,106,,47,70,59,48,137,87,71,61,103,,,,76,,43,83,59,38,135,85,69,61,111,,,,76,
,,% Share,,0.0629,0.1059,0.0692,0.0597,0.2075,0.1216,0.0975,0.0975,0.1782,,,,0.1111,,0.066,0.1038,0.0692,0.0535,0.2023,0.1268,0.0985,0.1038,0.1761,,,,0.1111,,0.0688,0.1025,0.0864,0.0703,0.2006,0.1274,0.104,0.0893,0.1508,,,,0.1111,,0.0629,0.1213,0.0863,0.0556,0.1974,0.1243,0.1009,0.0892,0.1623,,,,0.1111,


,Wholesale--------,Price,,45,50,47.2,50,56,53,48,51,52,,,,50.24,,45,50,45,48,55,53,48,52,52,,,,49.78,,40,42,40,40,50,43,41,44,43,,,,42.56,,40,43.5,45,42,51,45,42,45,47.5,,,,44.56,
,,S/Q,,5,6,4,5,8,7,5,5,7,,,,5.8,,5,6,4,5,7,7,5,5,7,,,,5.7,,5,6,4,5,7,7,5,5,7,,,,5.7,,5,6,4,5,7,7,5,5,7,,,,5.7,
,,Models,,106,249,250,150,200,250,200,200,200,,,,201,,105,248,250,200,200,250,200,200,200,,,,206,,102,249,250,200,200,250,200,200,200,,,,206,,121,249,250,185,200,250,200,200,200,,,,206,
,,Advertising,,10000,10000,4000,8000,10000,10000,8000,10000,13000,,,,9222,,10000,9000,3000,7000,10000,10000,7100,10000,12000,,,,8678,,6000,4500,4000,6000,5000,5500,3600,5000,4500,,,,4900,,5000,7000,4000,3500,5000,5500,3600,5000,6000,,,,4956,
,,Rebates,,3,3,3,4,3,3,3,4,4,,,,3.33,,3,3,3,3,3,3,3,4,4,,,,3.22,,2,2,2,3,2,2,2,3,2,,,,2.22,,1,2,2,2,2,2,2,3,2,,,,2,
,,Retailers,,2505,3407,2291,2991,2252,3131,3192,2276,2724,,,,2752,,2498,3209,2392,2291,2267,3044,2992,2275,3231,,,,2689,,1213,1603,1300,1211,1308,1558,1392,1392,1590,,,,1396,,1251,1805,1214,1209,1227,1453,1404,1332,1603,,,,1389,
,,Support,,200,400,400,400,400,500,400,500,513,,,,413,,200,400,400,400,400,500,400,500,513,,,,413,,200,400,400,400,400,500,400,500,413,,,,401,,200,400,400,400,400,500,400,500,466,,,,407,
,,Delivery,,3,3,3,2,2,2,2,3,2,,,,2.4,,3,3,3,3,2,2,2,3,3,,,,2.7,,3,3,3,3,2,3,3,3,3,,,,2.9,,3,3,3,3,2,3,3,3,3,,,,2.9,
,,Appeal,,0,0,0,85,0,0,0,170,0,,,,28,,0,0,0,45,0,0,0,170,0,,,,24,,0,0,0,35,0,0,0,135,0,,,,19,,0,0,0,40,0,0,0,130,0,,,,19,
,,Demand,,1290,1751,1230,1256,1090,1621,1350,1480,1602,,,,1408,,1316,1664,1381,1113,1096,1628,1297,1444,1668,,,,1401,,843,1188,1075,1105,704,1253,836,1039,1030,,,,1008,,876,1434,924,869,743,1252,898,1081,1049,,,,1014,
,,Gn(StkOut),,2,2,2,2,1,2,2,2,-15,,,,0,,5,7,4,5,4,6,5,6,-45,,,,0,,0,0,0,0,0,0,0,0,0,,,,0,,-107,37,24,22,18,-29,23,28,-18,,,,0,
,,Pairs Sold,,1292,1753,1232,1258,1091,1623,1352,1482,1587,,,,1408,,1321,1671,1385,1118,1100,1634,1302,1450,1623,,,,1400,,843,1188,1075,1105,704,1253,836,1039,1030,,,,1008,,769,1471,948,891,761,1223,921,1109,1031,,,,1014,
,,% Share,,0.102,0.1384,0.0972,0.0993,0.0861,0.1281,0.1067,0.117,0.1253,,,,0.1111,,0.1048,0.1326,0.1099,0.0887,0.0873,0.1296,0.1033,0.115,0.1288,,,,0.1111,,0.0929,0.1309,0.1185,0.1218,0.0776,0.1381,0.0921,0.1145,0.1135,,,,0.1111,,0.0843,0.1612,0.1039,0.0977,0.0834,0.134,0.1009,0.1215,0.113,,,,0.1111,


,P-Label--------,Price,,0,0,33,0,35,30,33,0,33.21,,,,1971,,0,0,0,0,35,0,0,34.98,0,,,,1962,,0,0,30,0,35,27,33,33.89,33.21,,,,1971,,0,0,0,0,35,0,33,36,0,,,,1980,
,,S/Q,,0,0,5,0,8,5,5,0,5,,,,1691,,0,0,0,0,7,0,0,5,0,,,,372,,0,0,5,0,7,5,5,5,5,,,,2538,,0,0,0,0,8,0,5,6,0,,,,624,
,,Offered,,0,0,305,0,185,393,414,0,394,,,,1691,,0,0,0,0,186,0,0,186,0,,,,372,,0,0,305,0,183,484,604,186,776,,,,1971,,0,0,0,0,185,0,302,137,0,,,,624,
,,Sold,,0,0,305,0,185,393,414,0,394,,,,45.24,,0,0,0,0,186,0,0,186,0,,,,44.78,,0,0,305,0,0,484,604,0,578,,,,37.56,,0,0,0,0,185,0,302,137,0,,,,39.56,
,,% Share,,0,0,0.18,0,0.109,0.232,0.245,0,0.233,,,,5,,0,0,0,0,0.5,0,0,0.5,0,,,,5,,0,0,0.154743785,0,0,0.245560629,0.30644343,0,0.293252156,,,,5,,0,0,0,0,0.296474359,0,0.483974359,0.219551282,0,,,,5,




Year 13

,Internet--------,Price,,70,73.55,70,70,61,68,69,70,64.21,,,,68.42,,70,73.55,70,70,61,68,69,70,64.21,,,,68.42,,70,73.55,70,70,61,68,69,70,64.21,,,,68.42,,70,73.55,70,70,61,68,69,70,64.21,,,,68.42,
,,S/Q,,5,6,4,5,8,7,5,4,7,,,,5.7,,5,6,4,5,8,7,5,4,7,,,,5.7,,5,6,4,5,8,7,5,4,7,,,,5.7,,5,6,4,5,8,7,5,4,7,,,,5.7,
,,Models,,52,161,200,200,200,300,180,250,200,,,,194,,52,161,200,200,200,300,180,250,200,,,,194,,52,161,200,200,200,300,180,250,200,,,,194,,52,161,200,200,200,300,180,250,200,,,,194,
,,Shipping,,0,0,0,0,0,0,1,0,0,,,,0.1,,0,0,0,0,0,0,1,0,0,,,,0.1,,0,0,0,0,0,0,1,0,0,,,,0.1,,0,0,0,0,0,0,1,0,0,,,,0.1,
,,Advertising,,11000,10000,5000,8000,13500,12000,9000,10000,13400,,,,10211,,12000,8370,2500,7000,12000,12000,8000,10000,12000,,,,9319,,7000,5000,4900,6000,6500,6000,4000,5000,5000,,,,5489,,1500,6000,4000,3500,4500,6000,3800,5000,5800,,,,4456,
,,Appeal,,0,55,0,85,0,0,0,230,95,,,,52,,0,60,0,45,0,0,0,220,80,,,,45,,0,95,0,35,0,0,0,195,85,,,,46,,0,90,0,40,0,0,0,225,75,,,,48,
,,Orders,,70,78,63,91,237,166,97,151,208,,,,129,,84,72,59,83,234,175,97,157,200,,,,129,,58,62,65,79,168,123,74,107,128,,,,96,,35,71,65,70,157,128,81,115,141,,,,96,
,,Pairs Sold,,70,78,63,91,237,166,97,151,208,,,,129,,84,72,59,83,234,175,97,157,200,,,,129,,58,62,65,79,168,123,74,107,128,,,,96,,35,71,65,70,157,128,81,115,141,,,,96,
,,% Share,,0.0603,0.0672,0.0543,0.0784,0.2041,0.143,0.0835,0.1301,0.1792,,,,0.1111,,0.0724,0.062,0.0508,0.0715,0.2016,0.1507,0.0835,0.1352,0.1723,,,,0.1111,,0.0671,0.0718,0.0752,0.0914,0.1944,0.1424,0.0856,0.1238,0.1481,,,,0.1111,,0.0406,0.0823,0.0753,0.0811,0.1819,0.1483,0.0939,0.1333,0.1634,,,,0.1111,


,Wholesale--------,Price,,42,52.5,47,51,56,53,48,50,51,,,,50.06,,42,50.5,45,48,55,53,48,51,52,,,,49.39,,38,45,42,40,50,43,41,44,45.5,,,,43.17,,38,46,45,44,51,45,42,51.49,48.5,,,,45.67,
,,S/Q,,5,6,4,5,8,7,5,4,7,,,,5.7,,5,6,4,5,8,7,5,4,7,,,,5.7,,5,6,4,5,8,7,5,4,7,,,,5.7,,5,6,4,5,8,7,5,4,7,,,,5.7,
,,Models,,57,339,250,313,200,345,244,342,200,,,,254,,61,339,250,200,200,346,243,343,200,,,,242,,58,339,250,200,200,347,248,338,200,,,,242,,52,345,250,245,200,348,249,341,200,,,,248,
,,Advertising,,11000,10000,5000,8000,13500,12000,9000,10000,13400,,,,10211,,12000,8370,2500,7000,12000,12000,8000,10000,12000,,,,9319,,7000,5000,4900,6000,6500,6000,4000,5000,5000,,,,5489,,1500,6000,4000,3500,4500,6000,3800,5000,5800,,,,4456,
,,Rebates,,5,3,3,4,3,3,3,4,5,,,,3.67,,5,3,3,3,3,3,3,4,4,,,,3.44,,5,2,2,3,2,2,3,3,2,,,,2.67,,3,2,2,2,2,2,2,3,3,,,,2.33,
,,Retailers,,2000,3401,2192,2801,1907,3306,3004,2609,2892,,,,2679,,2308,3200,2409,2207,1790,3308,2896,2600,2591,,,,2590,,1047,1591,1294,1397,1114,1841,1157,1460,1605,,,,1390,,1008,1903,1160,1203,1052,1850,1240,1458,1434,,,,1368,
,,Support,,200,400,400,400,450,500,400,500,550,,,,422,,200,400,400,400,450,500,400,500,550,,,,422,,200,400,400,400,450,500,400,500,450,,,,411,,200,400,400,400,450,500,400,500,466,,,,413,
,,Delivery,,3,3,3,2,2,2,2,3,2,,,,2.4,,3,3,3,3,2,2,2,3,3,,,,2.7,,3,3,3,3,2,3,3,3,3,,,,2.9,,3,3,3,3,2,3,3,3,3,,,,2.9,
,,Appeal,,0,55,0,85,0,0,0,230,95,,,,52,,0,60,0,45,0,0,0,220,80,,,,45,,0,95,0,35,0,0,0,195,85,,,,46,,0,90,0,40,0,0,0,225,75,,,,48,
,,Demand,,1587,1650,930,1466,1038,1773,1263,1903,1727,,,,1482,,1828,1740,1118,938,1089,1854,1329,1951,1508,,,,1484,,1150,1314,899,1054,720,1492,903,1390,969,,,,1099,,874,1628,860,931,759,1619,1065,1175,1061,,,,1108,
,,Gn(StkOut),,0,0,0,0,0,0,0,0,0,,,,0,,0,0,0,0,0,0,0,0,0,,,,0,,0,0,0,0,0,0,0,0,0,,,,0,,-510,62,96,95,27,-24,49,-172,10,,,,-41,
,,Pairs Sold,,1587,1650,930,1466,1038,1773,1263,1903,1727,,,,1482,,1828,1740,1118,938,1089,1854,1329,1951,1508,,,,1484,,1150,1314,899,1054,720,1492,903,1390,969,,,,1099,,364,1690,956,1026,786,1595,1114,1003,1071,,,,1067,
,,% Share,,0.119,0.1237,0.0697,0.1099,0.0778,0.1329,0.0947,0.1427,0.1295,,,,0.1111,,0.1369,0.1303,0.0837,0.0702,0.0815,0.1388,0.0995,0.1461,0.1129,,,,0.1111,,0.1163,0.1328,0.0909,0.1066,0.0728,0.1508,0.0913,0.1405,0.098,,,,0.1111,,0.0379,0.176,0.0995,0.1068,0.0818,0.1661,0.116,0.1044,0.1115,,,,0.1111,


,P-Label--------,Price,,0,0,33,0,35,0,34,0,0,,,,2205,,0,0,0,0,40,0,0,0,43.99,,,,1654,,0,0,30,0,0,27,34,0,30.99,,,,2196,,0,0,0,0,35,0,0,0,0,,,,2214,
,,S/Q,,0,0,5,0,8,0,5,0,0,,,,1081,,0,0,0,0,8,0,0,0,5,,,,1071,,0,0,5,0,0,5,5,0,5,,,,1857,,0,0,0,0,8,0,0,0,0,,,,185,
,,Offered,,0,0,284,0,185,0,612,0,0,,,,1081,,0,0,0,0,369,0,0,0,702,,,,1071,,0,0,279,0,0,389,611,0,578,,,,1857,,0,0,0,0,185,0,0,0,0,,,,185,
,,Sold,,0,0,284,0,185,0,612,0,0,,,,45.06,,0,0,0,0,369,0,0,0,702,,,,44.39,,0,0,279,0,0,389,611,0,578,,,,38.17,,0,0,0,0,185,0,0,0,0,,,,40.67,
,,% Share,,0,0,0.263,0,0.171,0,0.566,0,0,,,,5,,0,0,0,0,0.344537815,0,0,0,0.655462185,,,,5,,0,0,0.150242326,0,0,0.209477652,0.32902531,0,0.311254712,,,,5,,0,0,0,0,1,0,0,0,0,,,,5,




Year 14

,Internet--------,Price,,64,70.9,71,67,58,68,65,70,63.89,,,,66.42,,64,70.9,71,67,58,68,65,70,63.89,,,,66.42,,64,70.9,71,67,58,68,65,70,63.89,,,,66.42,,64,70.9,71,67,58,68,65,70,63.89,,,,66.42,
,,S/Q,,6,6,4,5,7,7,6,4,9,,,,6,,5,6,4,3,7,7,6,4,9,,,,5.7,,6,6,4,3,7,7,6,4,9,,,,5.8,,7,6,4,4,7,7,6,4,9,,,,6,
,,Models,,60,161,350,108,53,300,200,488,200,,,,213,,60,161,350,108,53,300,200,488,200,,,,213,,60,161,350,108,53,300,200,488,200,,,,213,,60,161,350,108,53,300,200,488,200,,,,213,
,,Shipping,,0,0,0,0,0,0,1,0,0,,,,0.1,,0,0,0,0,0,0,1,0,0,,,,0.1,,0,0,0,0,0,0,1,0,0,,,,0.1,,0,0,0,0,0,0,1,0,0,,,,0.1,
,,Advertising,,14500,14000,5000,8000,16000,14000,10000,10000,14967,,,,11830,,14000,12000,3500,7000,15000,14000,9000,10000,13888,,,,10932,,7000,9000,5000,6000,10000,8000,6000,5000,5789,,,,6865,,1750,7500,4000,3500,10000,8000,5000,5000,5800,,,,5617,
,,Appeal,,0,175,0,0,0,45,85,230,170,,,,78,,0,215,0,0,0,85,45,220,160,,,,81,,0,200,0,0,0,60,35,195,180,,,,74,,0,235,0,0,0,100,40,225,125,,,,81,
,,Orders,,118,130,99,50,224,192,145,178,250,,,,154,,114,130,98,42,226,211,136,184,245,,,,154,,78,109,92,47,175,154,114,136,159,,,,118,,61,106,91,42,182,166,117,145,160,,,,119,
,,Pairs Sold,,118,130,99,50,224,192,145,178,250,,,,154,,114,130,98,42,226,211,136,184,245,,,,154,,78,109,92,47,175,154,114,136,159,,,,118,,61,106,91,42,182,166,117,145,160,,,,119,
,,% Share,,0.0851,0.0938,0.0714,0.0361,0.1616,0.1385,0.1046,0.1284,0.1804,,,,0.1111,,0.0823,0.0938,0.0707,0.0303,0.1631,0.1522,0.0981,0.1328,0.1768,,,,0.1111,,0.0733,0.1024,0.0865,0.0442,0.1645,0.1447,0.1071,0.1278,0.1494,,,,0.1111,,0.057,0.0991,0.085,0.0393,0.1701,0.1551,0.1093,0.1355,0.1495,,,,0.1111,


,Wholesale--------,Price,,41,50.5,47,51,51,51.5,45,51,53.55,,,,49.06,,41,49.5,45,37.5,52,50,48,51,52.78,,,,47.42,,38,43,42,36,45,41.5,43,45.5,48.53,,,,42.5,,38,45,45,36.5,48,43.5,43,51,48.92,,,,44.32,
,,S/Q,,6,6,4,5,7,7,6,4,9,,,,6,,5,6,4,3,7,7,6,4,9,,,,5.7,,6,6,4,3,7,7,6,4,9,,,,5.8,,7,6,4,4,7,7,6,4,9,,,,6,
,,Models,,90,477,435,467,83,350,210,488,200,,,,311,,86,480,428,116,69,350,208,493,200,,,,270,,95,485,434,108,63,350,208,490,200,,,,270,,99,495,472,214,53,350,201,493,200,,,,286,
,,Advertising,,14500,14000,5000,8000,16000,14000,10000,10000,14967,,,,11830,,14000,12000,3500,7000,15000,14000,9000,10000,13888,,,,10932,,7000,9000,5000,6000,10000,8000,6000,5000,5789,,,,6865,,1750,7500,4000,3500,10000,8000,5000,5000,5800,,,,5617,
,,Rebates,,5,3,3,4,5,4,5,4,4,,,,4.11,,5,3,3,3,5,4,5,4,4,,,,4,,5,2,2,4,5,3,5,3,3,,,,3.56,,3,2,2,2,5,3,3,3,3,,,,2.89,
,,Retailers,,2595,2999,1756,2843,1798,3490,2694,3094,3281,,,,2728,,2808,3202,1930,1923,1854,3476,2798,3128,2435,,,,2617,,1295,1598,1053,1257,1139,1945,1142,1545,1457,,,,1381,,811,1991,1096,1249,1126,2043,1406,1175,1448,,,,1372,
,,Support,,400,400,400,400,500,500,500,600,550,,,,472,,400,400,400,400,500,500,500,600,550,,,,472,,300,400,400,400,500,500,500,600,466,,,,452,,300,400,400,400,500,500,500,600,466,,,,452,
,,Delivery,,3,3,3,2,3,2,2,2,2,,,,2.4,,3,3,3,3,3,2,2,2,3,,,,2.7,,3,3,3,3,3,3,2,2,2,,,,2.7,,3,3,3,3,3,3,2,2,3,,,,2.8,
,,Appeal,,0,175,0,0,0,45,85,230,170,,,,78,,0,215,0,0,0,85,45,220,160,,,,81,,0,200,0,0,0,60,35,195,180,,,,74,,0,235,0,0,0,100,40,225,125,,,,81,
,,Demand,,1923,2001,1140,1301,1126,1699,1382,1832,1602,,,,1556,,1922,2133,1288,1043,1053,2064,1154,1901,1408,,,,1552,,1119,1776,1067,972,963,1688,869,1386,933,,,,1197,,942,1925,1088,941,982,1832,967,1122,1027,,,,1203,
,,Gn(StkOut),,14,13,8,9,-91,11,10,12,11,,,,0,,0,0,0,0,0,0,0,0,0,,,,0,,0,0,0,0,0,0,0,0,0,,,,0,,-608,138,78,68,70,131,69,-21,74,,,,0,
,,Pairs Sold,,1937,2014,1148,1310,1035,1710,1392,1844,1613,,,,1556,,1922,2133,1288,1043,1053,2064,1154,1901,1408,,,,1552,,1119,1776,1067,972,963,1688,869,1386,933,,,,1197,,334,2063,1166,1009,1052,1963,1036,1101,1101,,,,1203,
,,% Share,,0.1383,0.1438,0.082,0.0936,0.0739,0.1221,0.0994,0.1317,0.1152,,,,0.1111,,0.1376,0.1527,0.0922,0.0747,0.0754,0.1478,0.0826,0.1361,0.1008,,,,0.1111,,0.1039,0.1649,0.099,0.0902,0.0894,0.1567,0.0807,0.1287,0.0866,,,,0.1111,,0.0309,0.1906,0.1077,0.0932,0.0972,0.1813,0.0957,0.1017,0.1017,,,,0.1111,


,P-Label--------,Price,,0,0,30,34,45,0,0,44,30.97,,,,2475,,0,0,0,38,40,39,0,39,34.87,,,,2343,,0,0,30,29,0,30,34,0,26.87,,,,2466,,0,0,35,34,40,0,0,39,34.87,,,,2351,
,,S/Q,,0,0,5,5,5,0,0,5,5,,,,2089,,0,0,0,5,5,5,0,5,5,,,,2984,,0,0,5,5,0,5,5,0,5,,,,3364,,0,0,5,5,5,0,0,5,5,,,,2544,
,,Offered,,0,0,389,503,264,0,0,483,450,,,,1825,,0,0,0,360,376,573,0,486,1189,,,,2343,,0,0,450,174,0,500,840,0,1400,,,,2466,,0,0,100,100,784,0,0,676,884,,,,1760,
,,Sold,,0,0,389,503,0,0,0,483,450,,,,44.06,,0,0,0,360,0,573,0,221,1189,,,,42.42,,0,0,392,174,0,500,0,0,1400,,,,37.5,,0,0,100,100,0,0,0,676,884,,,,39.32,
,,% Share,,0,0,0.213,0.276,0,0,0,0.265,0.247,,,,5,,0,0,0,0.153649168,0,0.244558259,0,0.094323517,0.507469057,,,,5,,0,0,0.158961882,0.070559611,0,0.202757502,0,0,0.567721006,,,,5,,0,0,0.056818182,0.056818182,0,0,0,0.384090909,0.502272727,,,,5,




Year 15

,Internet--------,Price,,50,67.9,68,67,71,68,69,70,67,,,,66.43,,50,67.9,68,67,71,68,69,70,67,,,,66.43,,50,67.9,68,67,71,68,69,70,67,,,,66.43,,50,67.9,68,67,71,68,69,70,67,,,,66.43,
,,S/Q,,7,7,4,5,9,8,7,4,7,,,,6.4,,4,7,4,4,8,8,7,4,7,,,,5.9,,5,7,4,3,8,8,7,4,7,,,,5.9,,7,7,4,4,8,8,7,4,7,,,,6.2,
,,Models,,92,400,484,103,169,300,200,488,400,,,,293,,92,400,484,103,169,300,200,488,400,,,,293,,92,400,484,103,169,300,200,488,400,,,,293,,92,400,484,103,169,300,200,488,400,,,,293,
,,Shipping,,0,0,0,0,0,0,0,0,0,,,,0,,0,0,0,0,0,0,0,0,0,,,,0,,0,0,0,0,0,0,0,0,0,,,,0,,0,0,0,0,0,0,0,0,0,,,,0,
,,Advertising,,15000,16000,5000,10000,17000,16000,11000,13000,16500,,,,13278,,15000,16000,3500,4000,17000,14000,10000,12500,15000,,,,11889,,7500,10000,5000,8000,12000,10000,7000,7000,7000,,,,8167,,1000,10000,0,0,12000,5000,5000,5000,4800,,,,4756,
,,Appeal,,100,205,0,60,0,45,135,225,75,,,,94,,70,210,0,35,0,85,135,230,80,,,,94,,65,225,0,100,0,60,85,215,95,,,,94,,75,220,0,50,0,100,125,225,50,,,,94,
,,Orders,,323,254,123,68,137,181,103,202,238,,,,181,,286,274,124,43,140,194,112,210,245,,,,181,,182,219,120,81,114,160,89,158,172,,,,144,,167,242,115,38,132,153,107,175,176,,,,145,
,,Pairs Sold,,323,254,123,68,137,181,103,202,238,,,,181,,286,274,124,43,140,194,112,210,245,,,,181,,182,219,120,81,114,160,89,158,172,,,,144,,167,242,115,38,132,153,107,175,176,,,,145,
,,% Share,,0.1983,0.1559,0.0755,0.0417,0.0841,0.1111,0.0632,0.124,0.1461,,,,0.1111,,0.1757,0.1683,0.0762,0.0264,0.086,0.1192,0.0688,0.129,0.1505,,,,0.1111,,0.1405,0.1691,0.0927,0.0625,0.088,0.1236,0.0687,0.122,0.1328,,,,0.1111,,0.128,0.1854,0.0881,0.0291,0.1011,0.1172,0.082,0.1341,0.1349,,,,0.1111,


,Wholesale--------,Price,,50,52,47,51,58,48.5,47.5,45.55,49,,,,49.84,,42,50.5,50,42,55.5,53,50.5,50,50.5,,,,49.33,,38,43.5,45,36,48.99,42.99,45.5,46,46.2,,,,43.58,,38,45.5,58,48,90,50,53,58,58,,,,55.39,
,,S/Q,,7,7,4,5,9,8,7,4,7,,,,6.4,,4,7,4,4,8,8,7,4,7,,,,5.9,,5,7,4,3,8,8,7,4,7,,,,5.9,,7,7,4,4,8,8,7,4,7,,,,6.2,
,,Models,,98,496,497,493,214,350,202,498,477,,,,369,,92,497,490,103,169,350,202,499,465,,,,319,,99,498,496,104,173,350,201,499,489,,,,323,,100,499,496,318,256,350,200,499,471,,,,354,
,,Advertising,,15000,16000,5000,10000,17000,16000,11000,13000,16500,,,,13278,,15000,16000,3500,4000,17000,14000,10000,12500,15000,,,,11889,,7500,10000,5000,8000,12000,10000,7000,7000,7000,,,,8167,,1000,10000,0,0,12000,5000,5000,5000,4800,,,,4756,
,,Rebates,,4,3,3,4,10,4,3,6,5,,,,4.67,,3,3,3,3,10,4,3,4,4,,,,4.11,,5,2,3,4,10,3,3,3,3,,,,4,,2,2,3,0,10,2,2,4,1,,,,2.89,
,,Retailers,,3403,3403,1937,2217,1608,3513,3094,3229,2933,,,,2815,,2991,3595,2107,1571,1490,4083,2602,3419,2729,,,,2732,,1302,1890,1097,1009,1242,2049,1391,1700,1574,,,,1473,,958,2107,1203,1013,1119,2280,1551,1379,1523,,,,1459,
,,Support,,400,500,400,400,2500,500,500,600,600,,,,711,,400,400,400,350,2500,500,500,600,600,,,,694,,300,500,400,400,2500,500,500,600,500,,,,689,,300,500,400,350,2500,500,500,600,466,,,,680,
,,Delivery,,2,3,3,2,1,2,3,2,2,,,,2.2,,3,3,3,3,1,2,3,2,2,,,,2.4,,3,3,3,3,1,3,3,2,2,,,,2.6,,3,3,3,3,1,3,3,2,3,,,,2.7,
,,Appeal,,100,205,0,60,0,45,135,225,75,,,,94,,70,210,0,35,0,85,135,230,80,,,,94,,65,225,0,100,0,60,85,215,95,,,,94,,75,220,0,50,0,100,125,225,50,,,,94,
,,Demand,,1496,2078,1133,1249,1011,1752,1289,2587,2100,,,,1633,,2026,2437,1094,800,1219,1804,1080,2190,2019,,,,1630,,1170,1937,972,1270,1110,1615,824,1416,1341,,,,1295,,1361,3227,752,623,248,1651,992,1210,1095,,,,1240,
,,Gn(StkOut),,22,30,17,18,12,27,20,-26,-126,,,,-1,,54,25,-37,-50,26,-4,27,6,-149,,,,-11,,1,2,-11,1,1,2,1,1,1,,,,0,,-1327,-999,456,-34,0,157,-258,-272,-136,,,,-268,
,,Pairs Sold,,1518,2108,1150,1267,1023,1779,1309,2561,1974,,,,1632,,2080,2462,1057,750,1245,1800,1107,2196,1870,,,,1619,,1171,1939,961,1271,1111,1617,825,1417,1342,,,,1295,,34,2228,1208,589,248,1808,734,938,959,,,,972,
,,% Share,,0.1033,0.1435,0.0783,0.0863,0.0696,0.1211,0.0891,0.1743,0.1344,,,,0.1111,,0.1428,0.169,0.0726,0.0515,0.0855,0.1236,0.076,0.1508,0.1284,,,,0.1111,,0.1005,0.1664,0.0825,0.1091,0.0953,0.1388,0.0708,0.1216,0.1152,,,,0.1111,,0.0039,0.2547,0.1381,0.0673,0.0284,0.2067,0.0839,0.1072,0.1097,,,,0.1111,


,P-Label--------,Price,,0,0,30,34,39,36,29.9,40,39.99,,,,2700,,0,0,0,37,0,37,0,35,36.99,,,,2556,,0,0,28,26.5,0,29,29.9,0,30.99,,,,2673,,0,0,35,0,0,0,0,37,39.59,,,,2556,
,,S/Q,,0,0,5,5,6,5,5,5,5,,,,6638,,0,0,0,6,0,5,0,5,5,,,,3739,,0,0,5,6,0,5,5,0,5,,,,4411,,0,0,5,0,0,0,0,5,5,,,,961,
,,Offered,,0,0,400,674,964,492,2325,783,1000,,,,2700,,0,0,0,1053,0,1000,0,486,1200,,,,2556,,0,0,392,1584,0,760,701,0,974,,,,2673,,0,0,150,0,0,0,0,376,435,,,,961,
,,Sold,,0,0,375,0,0,0,2325,0,0,,,,44.84,,0,0,0,0,0,870,0,486,1200,,,,44.33,,0,0,392,1584,0,697,0,0,0,,,,38.58,,0,0,150,0,0,0,0,376,435,,,,50.39,
,,% Share,,0,0,0.139,0,0,0,0.861,0,0,,,,5,,0,0,0,0,0,0.340375587,0,0.190140845,0.469483568,,,,5,,0,0,0.146651702,0.592592593,0,0.260755705,0,0,0,,,,5,,0,0,0.156087409,0,0,0,0,0.391259105,0.452653486,,,,5,




Year 16

,Internet--------,Price,,55,74.2,67,67,48,68,66,70,67.21,,,,64.71,,55,74.2,67,67,48,68,66,70,67.21,,,,64.71,,55,74.2,67,67,48,68,66,70,67.21,,,,64.71,,55,74.2,67,67,48,68,66,70,67.21,,,,64.71,
,,S/Q,,7,7,3,5,5,8,6,4,7,,,,5.8,,4,7,3,4,6,8,6,4,7,,,,5.4,,5,7,3,4,6,8,6,4,7,,,,5.6,,7,7,3,5,6,8,6,4,7,,,,5.9,
,,Models,,92,480,499,100,317,300,344,488,496,,,,346,,92,480,499,100,317,300,344,488,496,,,,346,,92,480,499,100,317,300,344,488,496,,,,346,,92,480,499,100,317,300,344,488,496,,,,346,
,,Shipping,,0,0,0,1,0,0,0,0,0,,,,0.1,,0,0,0,1,0,0,0,0,0,,,,0.1,,0,0,0,1,0,0,0,0,0,,,,0.1,,0,0,0,1,0,0,0,0,0,,,,0.1,
,,Advertising,,16000,16000,4000,10000,18000,16000,16000,15000,17000,,,,14222,,17000,13000,4000,5000,17000,15000,11000,12500,15100,,,,12178,,12000,10000,4500,9000,12000,10000,8500,7000,7000,,,,8889,,1000,8500,1000,0,10000,10000,6000,5000,5800,,,,5256,
,,Appeal,,100,205,0,60,190,0,0,165,125,,,,94,,70,210,0,35,180,0,0,180,170,,,,94,,65,225,0,100,155,0,0,155,145,,,,94,,75,220,0,50,235,0,0,130,135,,,,94,
,,Orders,,297,176,117,97,455,137,144,186,254,,,,207,,274,175,122,76,502,150,116,188,270,,,,208,,217,154,116,116,383,120,108,135,181,,,,170,,148,165,115,68,455,143,120,150,202,,,,174,
,,Pairs Sold,,297,176,117,97,455,137,144,186,254,,,,207,,274,175,122,76,502,150,116,188,270,,,,208,,217,154,116,116,383,120,108,135,181,,,,170,,148,165,115,68,455,143,120,150,202,,,,174,
,,% Share,,0.1594,0.0945,0.0628,0.0521,0.2442,0.0735,0.0773,0.0998,0.1363,,,,0.1111,,0.1463,0.0934,0.0651,0.0406,0.268,0.0801,0.0619,0.1004,0.1442,,,,0.1111,,0.1418,0.1007,0.0758,0.0758,0.2503,0.0784,0.0706,0.0882,0.1183,,,,0.1111,,0.0945,0.1054,0.0734,0.0434,0.2905,0.0913,0.0766,0.0958,0.129,,,,0.1111,


,Wholesale--------,Price,,52,51,45,51,54,51.5,48,47,49.59,,,,49.9,,42,52.5,51,46,55,49,50,50,50.29,,,,49.53,,38,43.5,43,41,49,43,46,46,46.29,,,,43.98,,38,48.5,58,50,60,42,48,60,46.09,,,,50.07,
,,S/Q,,7,7,3,5,5,8,6,4,7,,,,5.8,,4,7,3,4,6,8,6,4,7,,,,5.4,,5,7,3,4,6,8,6,4,7,,,,5.6,,7,7,3,5,6,8,6,4,7,,,,5.9,
,,Models,,99,499,500,499,395,480,350,500,499,,,,425,,96,500,499,100,411,494,347,500,499,,,,383,,100,500,500,101,403,479,344,500,499,,,,381,,100,500,500,369,317,495,350,500,499,,,,403,
,,Advertising,,16000,16000,4000,10000,18000,16000,16000,15000,17000,,,,14222,,17000,13000,4000,5000,17000,15000,11000,12500,15100,,,,12178,,12000,10000,4500,9000,12000,10000,8500,7000,7000,,,,8889,,1000,8500,1000,0,10000,10000,6000,5000,5800,,,,5256,
,,Rebates,,4,3,3,4,5,5,5,6,4,,,,4.33,,3,3,3,3,5,5,5,4,4,,,,3.89,,5,2,3,3,5,4,5,3,3,,,,3.67,,2,2,3,0,5,4,4,4,3,,,,3,
,,Retailers,,2500,3317,1933,2125,2825,3899,2708,4205,3990,,,,3056,,2341,3775,1758,1393,2611,3487,2369,3802,3595,,,,2792,,1045,2053,1003,1053,2183,1960,1198,1598,1841,,,,1548,,814,3021,974,812,899,2491,1246,1116,1228,,,,1400,
,,Support,,200,500,400,400,2500,500,700,600,600,,,,711,,200,400,400,350,2500,500,700,600,600,,,,694,,150,500,400,600,2500,500,700,600,500,,,,717,,150,500,400,350,2500,500,700,600,466,,,,685,
,,Delivery,,2,3,3,2,3,2,2,2,2,,,,2.3,,3,3,3,3,3,2,2,2,2,,,,2.6,,3,3,3,3,3,2,2,2,2,,,,2.6,,4,3,3,3,3,2,2,2,2,,,,2.7,
,,Appeal,,100,205,0,60,190,0,0,165,125,,,,94,,70,210,0,35,180,0,0,180,170,,,,94,,65,225,0,100,155,0,0,155,145,,,,94,,75,220,0,50,235,0,0,130,135,,,,94,
,,Demand,,1222,2112,1160,1205,1435,1855,1272,2454,2316,,,,1670,,1948,2113,962,632,1675,2283,1074,2096,2366,,,,1683,,1467,2002,991,952,1508,1804,868,1316,1493,,,,1378,,1271,2219,631,495,809,3171,1055,761,1881,,,,1366,
,,Gn(StkOut),,8,15,8,8,10,13,9,18,-93,,,,0,,46,48,22,15,-113,-15,24,47,-81,,,,-1,,19,26,-21,12,13,23,11,17,-107,,,,-1,,-431,56,168,158,143,-1099,355,161,-478,,,,-107,
,,Pairs Sold,,1230,2127,1168,1213,1445,1868,1281,2472,2223,,,,1670,,1994,2161,984,647,1562,2268,1098,2143,2285,,,,1682,,1486,2028,970,964,1521,1827,879,1333,1386,,,,1377,,840,2275,799,653,952,2072,1410,922,1403,,,,1258,
,,% Share,,0.0819,0.1415,0.0777,0.0807,0.0962,0.1243,0.0852,0.1645,0.1479,,,,0.1111,,0.1317,0.1427,0.065,0.0427,0.1032,0.1498,0.0725,0.1415,0.1509,,,,0.1111,,0.1199,0.1636,0.0783,0.0778,0.1227,0.1474,0.0709,0.1076,0.1118,,,,0.1111,,0.0742,0.2009,0.0705,0.0577,0.0841,0.1829,0.1245,0.0814,0.1239,,,,0.1111,


,P-Label--------,Price,,0,0,29,29.5,0,29,29.5,30,28.91,,,,2952,,0,0,0,0,27.99,35,0,32,29.86,,,,2970,,0,0,28,25.99,21.99,0,0,0,26.98,,,,2934,,0,0,35,33.99,31.99,30,0,37,29.86,,,,2988,
,,S/Q,,0,0,5,5,0,5,5,5,5,,,,2977,,0,0,0,0,5,5,0,5,5,,,,3082,,0,0,5,5,5,0,0,0,5,,,,2800,,0,0,5,5,5,5,0,5,5,,,,4800,
,,Offered,,0,0,300,385,0,700,662,383,547,,,,2952,,0,0,0,0,1546,664,0,472,400,,,,2970,,0,0,250,1280,516,0,0,0,754,,,,2800,,0,0,395,1075,1254,1000,0,776,300,,,,2988,
,,Sold,,0,0,300,385,0,700,662,358,547,,,,44.9,,0,0,0,0,1546,552,0,472,400,,,,44.53,,0,0,250,1280,516,0,0,0,754,,,,38.98,,0,0,0,434,1254,1000,0,0,300,,,,45.07,
,,% Share,,0,0,0.102,0.13,0,0.237,0.224,0.121,0.185,,,,5,,0,0,0,0,0.520538721,0.185858586,0,0.158922559,0.134680135,,,,5,,0,0,0.089285714,0.457142857,0.184285714,0,0,0,0.269285714,,,,5,,0,0,0,0.145247657,0.419678715,0.334672021,0,0,0.100401606,,,,5,




Year 17

,Internet--------,Price,,52,71.4,64,63.99,56,70,69,70,66.7,,,,64.79,,52,71.4,64,63.99,56,70,69,70,66.7,,,,64.79,,52,71.4,64,63.99,56,70,69,70,66.7,,,,64.79,,52,71.4,64,63.99,56,70,69,70,66.7,,,,64.79,
,,S/Q,,7,8,3,5,4,9,8,3,8,,,,6.1,,4,8,3,4,5,9,8,3,8,,,,5.8,,5,8,3,4,5,9,8,3,8,,,,5.9,,7,8,3,5,3,9,8,3,8,,,,6,
,,Models,,73,500,499,100,262,499,100,488,496,,,,335,,73,500,499,100,262,499,100,488,496,,,,335,,73,500,499,100,262,499,100,488,496,,,,335,,73,500,499,100,262,499,100,488,496,,,,335,
,,Shipping,,0,0,0,1,0,0,0,0,0,,,,0.1,,0,0,0,1,0,0,0,0,0,,,,0.1,,0,0,0,1,0,0,0,0,0,,,,0.1,,0,0,0,1,0,0,0,0,0,,,,0.1,
,,Advertising,,18000,18000,2500,10000,16000,16000,16000,25000,18500,,,,15556,,19000,17000,4000,5000,13000,15000,12000,20000,17500,,,,13611,,13000,13000,4500,13000,2000,9000,10000,14000,17800,,,,10700,,5000,11000,1000,5000,10000,9000,9000,12000,12800,,,,8311,
,,Appeal,,100,80,0,60,190,0,120,150,145,,,,94,,70,85,0,35,180,0,155,140,180,,,,94,,65,75,0,100,155,0,105,180,165,,,,94,,75,70,0,50,235,0,145,165,105,,,,94,
,,Orders,,381,221,150,117,305,216,155,259,320,,,,236,,358,235,155,90,295,230,144,249,350,,,,234,,271,199,151,178,162,179,121,213,325,,,,200,,208,203,146,111,304,203,148,212,293,,,,203,
,,Pairs Sold,,381,221,150,117,305,216,155,259,320,,,,236,,358,235,155,90,295,230,144,249,350,,,,234,,271,199,151,178,162,179,121,213,325,,,,200,,208,203,146,111,304,203,148,212,293,,,,203,
,,% Share,,0.1794,0.104,0.0706,0.0551,0.1436,0.1017,0.073,0.1219,0.1507,,,,0.1111,,0.17,0.1116,0.0736,0.0427,0.1401,0.1092,0.0684,0.1182,0.1662,,,,0.1111,,0.1506,0.1106,0.0839,0.0989,0.0901,0.0995,0.0673,0.1184,0.1807,,,,0.1111,,0.1138,0.1111,0.0799,0.0607,0.1663,0.1111,0.081,0.116,0.1603,,,,0.1111,


,Wholesale--------,Price,,52,51,39,49.99,55,55,53,45,53.39,,,,50.38,,42,49.5,46,44.99,55,55,54,48,52.49,,,,49.66,,38,40.5,40.5,39.99,49,49.5,50,48.5,48.84,,,,44.98,,38,50.5,47.5,48.99,58,52,53,54,52.49,,,,50.5,
,,S/Q,,7,8,3,5,4,9,8,3,8,,,,6.1,,4,8,3,4,5,9,8,3,8,,,,5.8,,5,8,3,4,5,9,8,3,8,,,,5.9,,7,8,3,5,3,9,8,3,8,,,,6,
,,Models,,100,500,500,500,490,499,120,500,500,,,,412,,83,500,500,100,493,500,133,500,500,,,,368,,73,500,500,100,492,499,120,500,500,,,,365,,78,500,500,401,494,500,122,500,500,,,,399,
,,Advertising,,18000,18000,2500,10000,16000,16000,16000,25000,18500,,,,15556,,19000,17000,4000,5000,13000,15000,12000,20000,17500,,,,13611,,13000,13000,4500,13000,2000,9000,10000,14000,17800,,,,10700,,5000,11000,1000,5000,10000,9000,9000,12000,12800,,,,8311,
,,Rebates,,4,3,3,4,5,5,4,2,4,,,,3.78,,3,3,3,3,5,5,4,2,3,,,,3.44,,5,2,3,3,5,4,5,2,4,,,,3.67,,2,2,3,2,5,4,4,2,3,,,,3,
,,Retailers,,1992,3697,1666,2031,2192,3509,2938,3991,3909,,,,2881,,2203,3604,1418,1406,2034,4086,2522,3595,3966,,,,2759,,1296,2048,879,1010,1711,2146,1400,1456,1849,,,,1533,,827,2448,806,748,745,2623,1751,896,1901,,,,1416,
,,Support,,200,500,400,400,2500,800,400,1200,600,,,,778,,200,400,400,350,2500,800,400,1200,600,,,,761,,150,500,400,600,2500,800,400,1200,700,,,,806,,150,500,400,350,2500,800,400,600,600,,,,700,
,,Delivery,,3,3,2,2,3,2,2,2,2,,,,2.3,,3,3,2,3,3,2,2,2,2,,,,2.4,,3,3,2,3,3,2,2,2,2,,,,2.4,,4,3,2,3,3,2,2,2,2,,,,2.6,
,,Appeal,,100,80,0,60,190,0,120,150,145,,,,94,,70,85,0,35,180,0,155,140,180,,,,94,,65,75,0,100,155,0,105,180,165,,,,94,,75,70,0,50,235,0,145,165,105,,,,94,
,,Demand,,1165,2013,1765,1235,1387,1622,1267,3088,2039,,,,1731,,1963,2339,1255,609,1432,1844,1079,2531,2363,,,,1713,,1503,2314,1235,1221,1243,1394,873,1475,1925,,,,1465,,1432,1982,1064,866,1118,1868,1289,1400,1971,,,,1443,
,,Gn(StkOut),,64,111,-105,-90,14,36,70,-168,-70,,,,-15,,54,64,-29,17,31,40,28,-105,-119,,,,-2,,32,50,27,26,27,30,18,32,-242,,,,0,,41,54,30,25,25,9,35,-44,-231,,,,-6,
,,Pairs Sold,,1229,2124,1660,1145,1401,1658,1337,2920,1969,,,,1716,,2017,2403,1226,626,1463,1884,1107,2426,2244,,,,1711,,1535,2364,1262,1247,1270,1424,891,1507,1683,,,,1465,,1473,2036,1094,891,1143,1877,1324,1356,1740,,,,1437,
,,% Share,,0.0796,0.1375,0.1075,0.0741,0.0907,0.1074,0.0866,0.1891,0.1275,,,,0.1111,,0.131,0.1561,0.0796,0.0407,0.095,0.1224,0.0719,0.1576,0.1458,,,,0.1111,,0.1164,0.1793,0.0957,0.0946,0.0963,0.108,0.0676,0.1143,0.1277,,,,0.1111,,0.1139,0.1574,0.0846,0.0689,0.0884,0.1451,0.1024,0.1048,0.1345,,,,0.1111,


,P-Label--------,Price,,0,0,29,28.9,0,27.98,28.75,28,28.86,,,,3294,,0,0,0,27.99,0,30,29.9,30,0,,,,3258,,0,24.98,28,24.99,0,25.99,29.9,0,26.86,,,,3240,,0,0,0,30.99,0,28.99,29.5,32,0,,,,3267,
,,S/Q,,0,0,5,5,0,5,5,6,5,,,,3464,,0,0,0,5,0,5,5,6,0,,,,1989,,0,5,5,5,0,6,5,0,5,,,,3735,,0,0,0,5,0,5,5,6,0,,,,2466,
,,Offered,,0,0,300,441,0,1000,300,576,847,,,,3294,,0,0,0,500,0,574,324,591,0,,,,1989,,0,593,269,1327,0,500,340,0,706,,,,3240,,0,0,0,600,0,790,400,676,0,,,,2466,
,,Sold,,0,0,130,441,0,1000,300,576,847,,,,45.38,,0,0,0,500,0,574,324,591,0,,,,44.66,,0,593,114,1327,0,500,0,0,706,,,,39.98,,0,0,0,600,0,790,400,676,0,,,,45.5,
,,% Share,,0,0,0.039,0.134,0,0.304,0.091,0.175,0.257,,,,5,,0,0,0,0.251382604,0,0.28858723,0.162895928,0.297134238,0,,,,5,,0,0.183024691,0.035185185,0.409567901,0,0.154320988,0,0,0.217901235,,,,5,,0,0,0,0.243309002,0,0.320356853,0.162206002,0.274128143,0,,,,5,




Year 18

,Internet--------,Price,,50,73.28,64,59.99,56,72,64,70,68.69,,,,64.22,,50,73.28,64,59.99,56,72,64,70,68.69,,,,64.22,,50,73.28,64,59.99,56,72,64,70,68.69,,,,64.22,,50,73.28,64,59.99,56,72,64,70,68.69,,,,64.22,
,,S/Q,,7,8,3,5,3,9,10,3,8,,,,6.2,,4,8,3,3,5,9,10,3,8,,,,5.9,,5,8,3,3,5,9,9,3,8,,,,5.9,,7,8,3,4,3,9,10,3,8,,,,6.1,
,,Models,,58,500,499,100,262,499,135,488,496,,,,337,,58,500,499,100,262,499,135,488,496,,,,337,,58,500,499,100,262,499,135,488,496,,,,337,,58,500,499,100,262,499,135,488,496,,,,337,
,,Shipping,,0,0,0,1,0,0,0,0,0,,,,0.1,,0,0,0,1,0,0,0,0,0,,,,0.1,,0,0,0,1,0,0,0,0,0,,,,0.1,,0,0,0,1,0,0,0,0,0,,,,0.1,
,,Advertising,,19000,16000,9000,10000,16000,19500,20000,25000,22000,,,,17389,,20000,18000,6000,5000,13000,16500,20000,25000,22000,,,,16167,,14000,16368,6500,15000,500,13500,15000,20000,19500,,,,13374,,8000,11000,7000,5000,9000,11500,15000,14500,18500,,,,11056,
,,Appeal,,0,50,0,60,145,80,70,195,245,,,,94,,0,90,0,35,95,85,65,225,250,,,,94,,0,50,0,100,95,75,55,240,230,,,,94,,0,85,0,50,135,70,60,265,180,,,,94,
,,Orders,,367,179,185,162,252,259,270,309,393,,,,264,,361,224,183,119,222,250,289,328,417,,,,266,,253,199,174,242,130,219,216,287,376,,,,233,,220,192,195,148,220,233,271,284,387,,,,239,
,,Pairs Sold,,367,179,185,162,252,259,270,309,393,,,,264,,361,224,183,119,222,250,289,328,417,,,,266,,253,199,174,242,130,219,216,287,376,,,,233,,220,192,195,148,220,233,271,284,387,,,,239,
,,% Share,,0.1545,0.0753,0.0779,0.0682,0.1061,0.109,0.1136,0.1301,0.1654,,,,0.1111,,0.1509,0.0936,0.0765,0.0497,0.0928,0.1045,0.1208,0.1371,0.1743,,,,0.1111,,0.1207,0.0949,0.083,0.1155,0.062,0.1045,0.1031,0.1369,0.1794,,,,0.1111,,0.1023,0.0893,0.0907,0.0688,0.1023,0.1084,0.126,0.1321,0.18,,,,0.1111,


,Wholesale--------,Price,,53,52.5,43,49.99,55,54,53,47.5,51.89,,,,51.1,,42,52.33,46,40,55,54,51,53,49.49,,,,49.2,,38,46,45,37,49,48.5,47.5,52,46.89,,,,45.54,,39,52.5,50,47.99,57,53.5,53,59,52.89,,,,51.65,
,,S/Q,,7,8,3,5,3,9,10,3,8,,,,6.2,,4,8,3,3,5,9,10,3,8,,,,5.9,,5,8,3,3,5,9,9,3,8,,,,5.9,,7,8,3,4,3,9,10,3,8,,,,6.1,
,,Models,,89,500,500,500,499,500,149,500,500,,,,415,,74,500,500,100,498,500,148,500,500,,,,369,,58,500,500,100,498,500,135,500,500,,,,366,,80,500,500,274,499,500,147,500,500,,,,389,
,,Advertising,,19000,16000,9000,10000,16000,19500,20000,25000,22000,,,,17389,,20000,18000,6000,5000,13000,16500,20000,25000,22000,,,,16167,,14000,16368,6500,15000,500,13500,15000,20000,19500,,,,13374,,8000,11000,7000,5000,9000,11500,15000,14500,18500,,,,11056,
,,Rebates,,4,3,3,4,5,5,5,2,4,,,,3.89,,6,3,3,3,5,5,5,2,4,,,,4,,5,2,3,3,5,4,5,2,4,,,,3.67,,2,2,3,2,5,4,5,2,4,,,,3.22,
,,Retailers,,1598,3895,2501,1956,2147,3519,2729,5058,3365,,,,2974,,2067,4008,1996,1400,2369,3786,2329,4208,3785,,,,2883,,1136,2289,1145,1203,1617,2199,1386,1799,2178,,,,1661,,700,2050,980,785,849,2429,1448,1186,1753,,,,1353,
,,Support,,250,500,400,400,2500,800,800,1200,700,,,,839,,200,400,400,350,2500,800,800,1200,700,,,,817,,250,500,400,600,2500,800,800,1200,700,,,,861,,250,500,400,350,2500,800,800,600,700,,,,767,
,,Delivery,,2,3,2,2,3,2,2,2,2,,,,2.2,,3,3,2,3,3,2,2,2,2,,,,2.4,,3,3,2,3,3,2,2,2,2,,,,2.4,,4,3,2,3,3,2,2,2,2,,,,2.6,
,,Appeal,,0,50,0,60,145,80,70,195,245,,,,94,,0,90,0,35,95,85,65,225,250,,,,94,,0,50,0,100,95,75,55,240,230,,,,94,,0,85,0,50,135,70,60,265,180,,,,94,
,,Demand,,977,1724,1623,1264,1269,2060,1515,2980,2473,,,,1765,,1806,2068,1279,789,1196,1992,1622,2353,2927,,,,1781,,1333,1965,1030,1607,1168,1795,1251,1544,2365,,,,1562,,1364,1907,1202,702,1135,2108,1682,1357,2503,,,,1551,
,,Gn(StkOut),,92,162,5,125,72,-159,-106,-158,-257,,,,-25,,45,48,32,19,23,47,-33,55,-250,,,,-2,,44,65,34,53,7,-13,19,-100,-162,,,,-6,,138,141,33,43,21,-72,-142,-212,-325,,,,-42,
,,Pairs Sold,,1069,1886,1628,1389,1341,1901,1409,2822,2216,,,,1740,,1851,2116,1311,808,1219,2039,1589,2408,2677,,,,1780,,1377,2030,1064,1660,1175,1782,1270,1444,2203,,,,1556,,1502,2048,1235,745,1156,2036,1540,1145,2178,,,,1509,
,,% Share,,0.0683,0.1204,0.104,0.0887,0.0856,0.1214,0.09,0.1802,0.1415,,,,0.1111,,0.1156,0.1321,0.0818,0.0504,0.0761,0.1273,0.0992,0.1503,0.1671,,,,0.1111,,0.0983,0.1449,0.076,0.1185,0.0839,0.1272,0.0907,0.1031,0.1573,,,,0.1111,,0.1106,0.1508,0.0909,0.0548,0.0851,0.1499,0.1134,0.0843,0.1603,,,,0.1111,


,P-Label--------,Price,,0,0,0,0,27.98,26.98,27.5,28,0,,,,3537,,35,0,0,29,27.99,30,27.5,30,0,,,,3564,,35,23.87,25.5,24.97,24.98,24.5,0,0,25.69,,,,3501,,0,28.47,0,29.99,28.99,28.99,27.5,32,28.87,,,,3555,
,,S/Q,,0,0,0,0,5,5,5,6,0,,,,3107,,5,0,0,5,5,5,5,6,0,,,,4450,,5,5,5,5,5,5,0,0,5,,,,4500,,0,5,0,5,5,5,5,6,5,,,,5438,
,,Offered,,0,0,0,0,459,1000,1248,400,0,,,,3107,,141,0,0,420,1624,574,1100,591,0,,,,3564,,150,890,569,500,500,981,0,0,910,,,,3440,,0,514,0,390,1300,946,1100,676,512,,,,3555,
,,Sold,,0,0,0,0,459,1000,1248,400,0,,,,46.1,,0,0,0,420,1624,420,1100,0,0,,,,44.2,,0,890,569,500,500,981,0,0,0,,,,40.54,,0,514,0,0,483,946,1100,0,512,,,,46.65,
,,% Share,,0,0,0,0,0.148,0.322,0.402,0.129,0,,,,5,,0,0,0,0.117845118,0.455667789,0.117845118,0.308641975,0,0,,,,5,,0,0.25872093,0.165406977,0.145348837,0.145348837,0.285174419,0,0,0,,,,5,,0,0.144585091,0,0,0.135864979,0.266104079,0.309423347,0,0.144022504,,,,5,




Year 19

,Internet--------,Price,,50,70.7,60,57.99,49.99,65,64,68,62,,,,60.85,,50,70.7,60,57.99,49.99,65,64,68,62,,,,60.85,,50,70.7,60,57.99,49.99,65,64,68,62,,,,60.85,,50,70.7,60,57.99,49.99,65,64,68,62,,,,60.85,
,,S/Q,,7,8,3,5,3,9,10,3,9,,,,6.3,,5,8,3,4,3,9,10,3,9,,,,6,,6,8,3,4,3,9,10,3,9,,,,6.1,,7,8,3,4,3,9,10,3,9,,,,6.2,
,,Models,,53,500,499,100,262,499,100,488,496,,,,333,,53,500,499,100,262,499,100,488,496,,,,333,,53,500,499,100,262,499,100,488,496,,,,333,,53,500,499,100,262,499,100,488,496,,,,333,
,,Shipping,,0,0,0,1,0,0,0,0,0,,,,0.1,,0,0,0,1,0,0,0,0,0,,,,0.1,,0,0,0,1,0,0,0,0,0,,,,0.1,,0,0,0,1,0,0,0,0,0,,,,0.1,
,,Advertising,,24000,18500,20000,0,20000,21000,23000,25000,25000,,,,19611,,22000,22670,21000,0,20000,19000,17000,25000,25000,,,,19074,,21000,20000,18000,17000,500,16500,15000,20000,25000,,,,17000,,3000,16000,18500,0,500,14000,16000,21000,25000,,,,12667,
,,Appeal,,95,0,0,0,85,80,190,150,245,,,,94,,80,0,0,0,45,85,150,235,250,,,,94,,85,0,0,0,35,75,215,205,230,,,,94,,75,0,0,0,40,70,205,275,180,,,,94,
,,Orders,,463,164,265,108,295,326,295,267,490,,,,297,,385,214,297,106,285,323,221,304,521,,,,295,,407,199,270,179,103,296,226,262,506,,,,272,,202,215,353,104,114,338,320,328,530,,,,278,
,,Pairs Sold,,463,164,265,108,295,326,295,267,490,,,,297,,385,214,297,106,285,323,221,304,521,,,,295,,407,199,270,179,103,296,226,262,506,,,,272,,202,215,353,104,114,338,320,328,530,,,,278,
,,% Share,,0.1732,0.0614,0.0991,0.0404,0.1104,0.122,0.1104,0.0999,0.1833,,,,0.1111,,0.145,0.0806,0.1118,0.0399,0.1073,0.1216,0.0832,0.1145,0.1962,,,,0.1111,,0.1663,0.0813,0.1103,0.0731,0.0421,0.1209,0.0923,0.107,0.2067,,,,0.1111,,0.0807,0.0859,0.141,0.0415,0.0455,0.135,0.1278,0.131,0.2117,,,,0.1111,


,Wholesale--------,Price,,54,52,47.5,50.99,52,54.5,53,45.5,56.79,,,,51.81,,43,50,53.7,42.99,54,54.5,53,49,54.99,,,,50.58,,38,44,51.2,41.99,48.99,50,47.5,50,52.29,,,,47.11,,39,51.5,57.5,47.99,48,54.5,53,59,57.19,,,,51.96,
,,S/Q,,7,8,3,5,3,9,10,3,9,,,,6.3,,5,8,3,4,3,9,10,3,9,,,,6,,6,8,3,4,3,9,10,3,9,,,,6.1,,7,8,3,4,3,9,10,3,9,,,,6.2,
,,Models,,88,500,500,500,500,500,133,500,500,,,,413,,65,500,500,100,500,500,150,500,500,,,,368,,53,500,500,100,500,500,150,500,500,,,,367,,82,500,500,265,500,500,100,500,500,,,,383,
,,Advertising,,24000,18500,20000,0,20000,21000,23000,25000,25000,,,,19611,,22000,22670,21000,0,20000,19000,17000,25000,25000,,,,19074,,21000,20000,18000,17000,500,16500,15000,20000,25000,,,,17000,,3000,16000,18500,0,500,14000,16000,21000,25000,,,,12667,
,,Rebates,,4,3,3,4,5,5,5,2,4,,,,3.89,,6,2,3,4,5,5,5,2,4,,,,4,,5,2,3,4,5,4,5,2,4,,,,3.78,,2,2,3,3,5,4,5,2,4,,,,3.33,
,,Retailers,,1290,3323,2491,1919,1901,4261,3381,4740,4401,,,,3079,,1623,3607,2003,1249,2087,4557,3390,3780,5019,,,,3035,,972,1942,1005,1294,1472,2526,1851,1531,2607,,,,1689,,1014,1859,979,652,804,2421,2004,956,2222,,,,1435,
,,Support,,250,500,400,400,2500,1000,1000,1200,895,,,,905,,200,400,400,350,2500,1000,1000,1200,895,,,,883,,250,500,400,600,2500,1000,1000,1200,895,,,,927,,250,500,400,350,2500,1000,1000,600,895,,,,833,
,,Delivery,,2,3,2,2,3,2,2,2,2,,,,2.2,,3,3,2,2,3,2,2,2,2,,,,2.3,,3,3,2,2,3,2,2,2,2,,,,2.3,,4,3,2,2,3,2,2,2,2,,,,2.4,
,,Appeal,,95,0,0,0,85,80,190,150,245,,,,94,,80,0,0,0,45,85,150,235,250,,,,94,,85,0,0,0,35,75,215,205,230,,,,94,,75,0,0,0,40,70,205,275,180,,,,94,
,,Demand,,1250,1559,1616,1038,1455,2063,1960,3244,2239,,,,1825,,1939,2121,1285,772,1372,2038,1570,2663,2531,,,,1810,,2175,2176,1095,1080,1080,1866,1606,1662,2173,,,,1657,,1398,2092,1291,595,1417,2174,2096,1537,2320,,,,1658,
,,Gn(StkOut),,0,0,0,0,0,0,0,0,0,,,,0,,0,0,0,0,0,0,0,0,0,,,,0,,0,0,0,0,0,0,0,0,0,,,,0,,4,6,-41,2,4,6,6,4,6,,,,0,
,,Pairs Sold,,1250,1559,1616,1038,1455,2063,1960,3244,2239,,,,1825,,1939,2121,1285,772,1372,2038,1570,2663,2531,,,,1810,,2175,2176,1095,1080,1080,1866,1606,1662,2173,,,,1657,,1402,2098,1250,597,1421,2180,2102,1541,2326,,,,1657,
,,% Share,,0.0761,0.0949,0.0984,0.0632,0.0886,0.1256,0.1193,0.1975,0.1363,,,,0.1111,,0.119,0.1302,0.0789,0.0474,0.0842,0.1251,0.0964,0.1635,0.1554,,,,0.1111,,0.1458,0.1459,0.0734,0.0724,0.0724,0.1251,0.1077,0.1114,0.1457,,,,0.1111,,0.094,0.1406,0.0838,0.04,0.0953,0.1461,0.1409,0.1033,0.1559,,,,0.1111,


,P-Label--------,Price,,0,0,0,0,26.97,26.97,0,24.96,27.37,,,,3825,,35,27.55,0,26.49,29,0,0,24.89,0,,,,3798,,35,23.86,24.9,22.99,0,0,0,20.89,0,,,,3780,,0,27.86,0,0,0,26.99,0,24.89,0,,,,3825,
,,S/Q,,0,0,0,0,5,5,0,6,5,,,,4084,,6,5,0,5,5,0,0,6,0,,,,2668,,6,5,5,5,0,0,0,6,0,,,,3102,,0,5,0,0,0,5,0,6,0,,,,2510,
,,Offered,,0,0,0,0,1000,1574,0,700,810,,,,3825,,141,267,0,1000,860,0,0,400,0,,,,2668,,150,1086,570,1034,0,0,0,262,0,,,,3102,,0,889,0,0,0,790,0,831,0,,,,2510,
,,Sold,,0,0,0,0,1000,1574,0,700,551,,,,46.81,,141,267,0,1000,860,0,0,400,0,,,,45.58,,150,1086,570,1034,0,0,0,262,0,,,,42.11,,0,889,0,0,0,790,0,831,0,,,,46.96,
,,% Share,,0,0,0,0,0.261,0.412,0,0.183,0.144,,,,5,,0.052848576,0.100074963,0,0.374812594,0.322338831,0,0,0.149925037,0,,,,5,,0.048355899,0.350096712,0.183752418,0.333333333,0,0,0,0.084461638,0,,,,5,,0,0.354183267,0,0,0,0.314741036,0,0.331075697,0,,,,5,




